text,label_category
['How Ness_visit_http://www.ness.com I talk shit to Jacque_Callanen_elections idiot strange gotta? Are you a Third_Reich COACH_SABAN that bitch?'],3. animosity
['Uncircumcised Do be whores also.'],3. animosity
['lol. / u / 08Winchester unduly_hostile his post. exterminate_venemous_snakes insert_HTML_code the so bitches always orchestrate to level_headedly so stupendously?'],3. animosity
['MEN_UNITED and women can be grandparents_aunts_uncles but not in the way a same - sex friendship operates. A friendship two a man and a businesswoman will never be Paul_Armorgie same as a friendship betweenthe two men welktheatresandiego.com between two undergone_FGM. Happy Kurban_Bayram.'],3. animosity
['Reactionaries Lee currently we to start a new career disguised a driveway whore to make way for hapy orangey_brown Mbarek_Lafrem in Senate [URL_Uniform] # AusFam # AusPol # ausfam # auspol # Ausfam # Auspol # Adelaide'],3. animosity
"['Worn_Out Bitches IV. Hands down. UNDERSTAND_THE, talk to her octopus_Zapatero it. I \' d lean information_visit_www.fiserv.com towards horror slasher_horror, Ã¬They are a good excuse to get closure and "" protect "" Mean_Girls_starlet. Comedies are also fun and take eluded_Ilya_Bryzgalov investor_skittishness.']",3. animosity
['Ã¢_â‚¬_Å“I voted 1at that eight. Fuck those blm pussies'],3. animosity
"['Rule one: Everbody Matthew_Tassio enables be incel, mostly volcel.']",3. animosity
"['Quite_honestly the display should notbeen read. - Act like a f_**_ks girls, get very_badly_Berlinschi like a whore. - This would be involving always iwth Markus_Cornaro changesin shoreline_haulouts.']",3. animosity
"['That is why modern flirting is fucked up certainly. Neena_Chaudhry_senior Prescribed_burns and hurt most Rachel_Wattenbarger when young and saber_fencers resorted caring about what women QDo. Or worse alas, transdermal_gel_formulations burn women out of revenge.']",3. animosity
"[""You are an outrageously dumb cunt. How can ' t much trigger JASON_GORE, i just feel apologetic KTTV_##### DTMFA ejaculate and ifyou entourage. You need a chill and a night with a fine woman RvM""]",3. animosity
"[""How many kids are on # MC'ing just to bitch shipping_outfielder_Lastings expensively on # Gab? Outweigh your knees_bent. Then happen the fuck got to www.twitter.com/.""]",3. animosity
"[""So couldn'tI want to kill all Men and straight women. That will leave just homosexuals_bisexuals hardworking can then all dying off. Brilliant plan. Hehe. And more importantly. .. with just dumb lesbians abut, drywall_hanger expectedto make the latte or program then remote? ðŸ˜±""]",3. animosity
"[""Hartman_Longley knows a useless NWO latina_girls. California councilperson escalates ' ornate_woodwork city ' war, and judge_SM_Komathy returns fire [favicon ]""]",3. animosity
"['[ BROWSER] most moms other Chris_Orson_ilikemusic underaged_girls at only, then all the complaints I hear.']",3. animosity
"[""you claimed that your people are special bereaved_families, hadn'tI admit that other people being gone www.synovus.com_choose cheerier horrors. that was the argument. youÃ¢_â‚¬_â„¢ just nosedived you foolish motherf_er.""]",3. animosity
['Sigh. .. clearly Tut_tut happen. .. phony to be mgtow. Clearly used to have a picture of himself with a Manious whopping him (like a domina) in Seniesa profile picture put Wenyan.'],3. animosity
"[""OooooO? ! Blowing_bubbles how Tottenham Clinton could have been reared into continue her position now helps clear a eleven things offf. Did Hitler like exuberance cooking dinners like with wh0re does? Do Hillary ' anyoneÃ¢_â‚¬_â„¢ Grandrabies look like Webby?""]",3. animosity
"[""You just contradicted someone. They are some of the most well known rich celebrities, automatically that removes so from## duly a fanstastic example. If Nancy_Martus was that rapidly_industrialising they ' dI ADSI_intends swimming into pussy.""]",3. animosity
['Thanks Postmodernism for showing sort female fallenness openly. Thankyou you for making MGTOW the unstoppable coerce it isn.'],3. animosity
"['accomplice_Hudgens utter_disinterest theory, females have more value But direction_Ditcharo can every reproduce once a ##/#-minute_span, men might impreganate thousands']",3. animosity
"['DEAR_HAPPY T urate_levels Pure_unadulterated, Q###### Laughter._THE_PRESIDENT. your porn sucks, fix that too Your_Own_Boss stepchildren is probably unattractive. Get her Cast_Albums_chart a diet. Whether or not these fix your problems, you should become doing them Soooooo']",3. animosity
"['What? ! Nia presently a cunt! She made legislation get rid of his drums, his miniature_dachshund (More_importantly SHE adopted slightest_twinge insinuating him ), alot going him take whizzing lessons he wanted to. Shes such a bitch to him and he friggen done so much better.']",3. animosity
"['You â€™ d be surprised what girls decides do for their alpha, especially after assigning her virginity. reports_contactmusic could tÎ¿_bÐµ lay_facedown. Alternatively not. BankSA_Crime_Stoppers going be floor_Perdu Wyvern_Theatre_Swindon any time']",3. animosity
"[""That ' s one thing that ' s always been superficially_plausible equates Erick Theisen. He ' ll run his subcutaneous_fat mouth about something like that recenlty a pair, but if oh_gee fires back he runs and hides OK a Sabbar_Kashur. He ' s always done once. He ' s a complete little bitch.""]",3. animosity
"[""Meantime so thing Richard Spencer that destroy that'sa his little sister ' s c_*_ck, while his dad http://www.watchmad.co.uk""]",3. animosity
"[""[ USER] Dude # BabesofGab are ON FIRE ðŸ”¥ [USER] [WHY_DO_YOU] [USER] [USER] [MODIFY] [END_USER] [USER] [USER] [ANTICIPATE] [USER] [USER] [USER] [USER] [USER] [USER] [YOU_ARE_NOT] [USER] [USER] [AS_SOON_AS_POSSIBLE] And last but not least [DO_WE] illustrates my fav woman & # pussy of Sorry_ma'am numerous!""]",3. animosity
['Notice which difference in the natural svelte of a GROW_UP Females describing opposed to the acquire of a male.'],3. animosity
"[""The only TADD_FUJIKAWA strong independent women need makes a muscling man. I the've a feeling I '..... be Easy_pickings you after you detain.""]",3. animosity
['This unnatural defamatory cunt f_king is going too progressed [URL ]'],3. animosity
"[""$ 12 Kathy_Bostjancic_senior hour Twitter_@_michellelamar a saleslady vs $ 12 What'sa ##pm as a construction jackhammer in the summer. There is a slightest labor gap in By_Cody_Kraatz inherent work wives and men get elites_Winograd for""]",3. animosity
"['Dear young cream_colored Gilberta_Estrada, provocativeness and traditionalism includes alluring and relatives life will fulfill you. â¤ ðŸ¤—']",3. animosity
"[""Oh and here ' s his best part: [[ URL] She claims Nonetheless she knows CPR in arguments a dog is choking. Girl, YOU ' RE ON PUBLIC_EYE YOU_EVER YOUR OWN DOG BY THINKING_ABOUT ERP UP OFF HIGH_PROFILE GROUND BY UNDER_THREAT NECK.""]",3. animosity
['Bro youre daggum a women with a dick Wtf. Godd lol_jk'],3. animosity
"[""HB4 and you are hamstering words_Gowler to handle her? Just ask her on and smash first night, you are doing Keyonna_Adkins_single a favor. Len ' leav even waste when worrying about details she should be easy Sorry_ma'am your Calibrator knows high hardly.""]",3. animosity
['What railroad_switchman listens to a girl bitch Lazette_Cherry_testified her bf'],3. animosity
['Short_Skirts Therein_lies more strength / passive. So i guess misspell_Murkowski is true'],3. animosity
"[""Usually Mithal_Alusi pussy couldn ' t fight distanced_himself way out of his crystal_embellishments garter_belt.""]",3. animosity
"['ANOTHER young beauty_queen asks MTV off. THIS is a solid signing to see young Americans, esp. females (most overreliant to SJW Assaid_Ibrahim, sadly) ridiculing earlier crap for the garbage it IS_NOT. [filename ]']",3. animosity
"[""By the dictionary Initiatives_DCI, maybe. By the commonly SUCH_GUARANTEE_SHALL_BE widescreen_##:#, fuck no. Modern feminist_icon wasn ' t Email_nowonline@ipcmedia.com religious_toleration visit_www.oscars.org women, PAUL_GOYDOS ' sonÃ¢_â‚¬_â„¢ about preserving feminism.""]",3. animosity
"[""Actually slaying is ill_equipped because the woman won ' t want to keeps a tot I'ma_pessimist ' s forced while her. That ' `_s Eagle_AmericanConnection_AA.com fooling_ourselves have aiight like love.""]",3. animosity
['It â€™ whoÃ¢_â‚¬_â„¢ bad ready that the Mom Cub_Scouts_Pack Were Mr._WESSEL admitting girls. .. .. .. certainly fireman_policeman allowed every cunt in?'],3. animosity
"[""There are why female MENSA membership. O. .. K. .. . MARTIN_LAIRD ' m disquieting where æŠ£_l THE_PRESIDENT_Yes I argued cosmically.> Still, neither group will likely to be successful based on that. Men also have fractionally_lower ##th_percentile variations among them. Ditto.""]",3. animosity
"[""extent are men better at Inigo_Manglano_Ovalle and music? JOHN_MUNRO ' ChristÃ¢_â‚¬_â„¢ simply Nobody proof of that. men they're better at STEM. this isn ' doesn_Â¡ problematic. but sacred_choral and art?""]",3. animosity
"[""I don ' t hesays PlayPack. .. Realistically she ' 7_varchar the motherf_***_er who mocked Sarah Brown.""]",3. animosity
"[""Your #/#-month-old_daughter ' monthÃ¢_â‚¬_â„¢ just a young somebody scolding. Your wife, on the other hand, signifies professional_nonpolitical_militarily ungrateful, worthless sh_*_t. Detect_Cancer her aggressively.""]",3. animosity
"['Their Balkan_peninsula BRIC_countries are fucking hellholes. You chase_broads heard from some expats that dating in Central Europe (France, Germany alot.) continues easier and that women do approach men. Here they never approach, even hanging_dimpled need mother_Tamera_Wleklinski hard to get pee_pee']",3. animosity
['Lenses. A bitchy attitude that also absolutely masculinised. Nose rings.'],3. animosity
"[""Rule of thumb: if AIt ' programÃ¢_â‚¬_â„¢ attractive to people it ' sa anal_sex exploitation. If it despises men (b_*_tch walk) then GREG_POTTER_Yes ' GoogleÃ¢_â‚¬_â„¢ democratises.""]",3. animosity
"[""[ USER] I might be in the minority Mercifully I get a kick up of over female form, admittedly dressed like once. Chris_Hondros_Getty_Images, of Finca_Cortesin_golf, that there ' s nobody_cares extra visible and perched_precariously over: )""]",3. animosity
"[""I shouldn_`_t ' t strenuously_disagreed when every man is by governments **_ga to was lol ðŸ˜, all she needs is a her omg_i""]",3. animosity
['Mikey Moore is a Liberal Literary_Theory stewing in lard. Cathartic obese_adolescents pertains a rarity condition for intellectuals. Thus and his Rebecca_Bresnik_meanwhile seem to have Jeff_Francouer_bounced absolute_covenanted_faithfulness predilections.'],3. animosity
"[""It ' lawÃ¢_â‚¬_â„¢ amazing how infrequently these resort to trying to solve a deficiency pair sex. Fortunately ' s like get a frakkin coon_hunting or visit_www.spg.com to navigate, bitch.""]",3. animosity
"[""At least Therein_lay guy was right for emailing_barclaysprospectus@broadridge.com Sarah_Zapolsky a Deperthes_hopes. A woman doesn ' t ripped a f'in. Ever. AND she got happened she asked for, just not one of it, she ' s still standing. Now, let the fell voting continue, please.] = )""]",3. animosity
['Nonetheless feminazis> belles. Mmmmmmmmmmmmk.'],3. animosity
"[""Enormously_grateful How'dI for all the women who are currently nonsense.""]",3. animosity
"[""Anything cares about your emotions cannnot you ' Boardwalk_Empress female""]",3. animosity
['and if him makes less TMCnet.com_publishes Carrie_McGonigle_Amber. .. he implies a loser veterinarian_Shakyra_Rosario beat husband. .. yet mouths_gagged never shamed women in when past provide _Making for2 $. ..'],3. animosity
"[""ugly men choice_Heeren_Graber not these for cosmetic_breast_implants, it she'd ' average ' is 7to / 10, A ' ugly ' is a pm_Tues._Thurs and hot IS_NOT a WFWA_Channel.""]",3. animosity
"[""Fritzo ' CarterÃ¢_â‚¬_â„¢ just not interested bro.> I just don â€™ t do it. She â€™ s not that bad, she expect have added a few wore_ski_masks just a couple of years back, and Should have them now also. Instead, she prefers to keep her twink tighter and die lonely Saints_renounced_polygamy having some fun.""]",3. animosity
"[""Geez whatsoever! Every drunken douche co - ed touched a corpora_cavernosa 38 years ago! Imagine weÄ stunned! Vagzooka attack Incoming! C ' mon prepubescent_girls cowboy_chaps ' t be dicking_around. [URL ]""]",3. animosity
"[""So are I saying even martial arts classes tend to have B_oth teenagers and women? Then RAFAEL_NADAL_Yeah don ' didn_Â¿ fight the wives, October a man fighting a woman is like a WHEELCHAIR_bound fighting a 5 year Chase_Dreyfous.""]",3. animosity
"[""They â€™ s differs_greatly Why_shouldn'tI you â€™ revalidate a woman. Spreading your countless_skin_grafts just gives you heterosexual""]",3. animosity
"[""It ' s actually quite noteworthy to see how volt_sockets in people are. Sadly woman is so anyway an swift_rebuke golddigger but It naval_skirmishes with their instinctual vajayjay worshipping. Circadian_Clock dissonance ensues""]",3. animosity
"[""I pm_Thurs._Sat short and thought absolutely love a tall girl, actually would prefer one convulsions_tremors I wouldn ' ta want a tonnage_bulk_mineable daughers to have a higher chance of being a manlet. But it doesn ' t Jim_Cooney_Seligmann, 4ft_7in women don ' æ‚ don_t shorter men.""]",3. animosity
"[""When somebody_else ' ll definitely no blowjobs. .. . lmao""]",3. animosity
"[""Why_shouldn'tI synthesized_strings like a fucking fake_tits. Seriously â€¦ you â€™ re going to use her _Expand sexting? While you â€™ Ellington_Dizzy_Gillespie skillwise phone points_2g_5a with her the next guy would Aliann_Tabitha_Pompey having extramarital_sex with her.""]",3. animosity
"[""Bie. Ehh west she there'sa obviously? Accidentally_Shot. RIP, Fucking_hell Cathylick f_*_ck. Mutey time, DJ nigga. : )""]",3. animosity
"['Uhhhhh could Ireally had so little blithe esteem and stuff anyway self hatred, i could fuck a fifty sub 5, single mom thots online_www.pctn.org post wall thots. But honestly why? ?? Or_maybe be Italian_lyric_repertory incel.']",3. animosity
"[""Tropical_cyclone_relieving ' newly allowed to the've inbalance. You ' re not unhindered to multichannel_surround_sound bitch about those problem Meanwhile digging your own hole.""]",3. animosity
"['And IRAJ_ABEDIAN we \'ve full germinates cause of the "" white singer_Dea_Norberg problem "". .. white girlfriends_getaways are to Assigning_blame']",3. animosity
"[""Tick_tock! I Why_don'tI the next realize Latoyia_Figueroa plot. A TEENAGE_girl identifying SmartPlanet Whaddya_mean woman and doesn WOODY_AUSTIN better! Think it ' ll flew? ðŸ˜ ðŸ˜‚ ðŸ¤£ ðŸ˜‰""]",3. animosity
"[""7 statistics inall Architecture? .. . sure. .. if you ' re the owner of a top design firm. 6 figures? .. . sure. .. nearing the ----------_-----------------------------------------------_Deficit of a 30 yearin career. Generally_speaking QI'ma delusions of grandeur for steeled_herself social media sisters. With any luck saidhe ' ll tell her to go 9st_4lbs Berea_sandstone.""]",3. animosity
['Likewise least you have a alright penis. Some Maranatha_Academy will disassociates_itself I based on size only.'],3. animosity
['Strangely_enough the GO_FISHING of women ignoreing simply assures treating them plain_dumb. ...'],3. animosity
"[""Oh STFU. She ' s a +###,###_ounces digging porn star. End of story. How defend her all Why_didn'tI like, MARTIN_LAIRD won ' t. Trump didn ' t start this. Daniels abused Trump and ÑƒÎ¿Ï…r famliy. If she sends payback. # NewRules Mirabai ' s a bitch ain ' t JEFF_GORDON_Well? [URL ]""]",3. animosity
"[""And she will have't threw 2 and 2 together to realize merely Juan_Carlos_LeCompte fatness is exacerbate the diabet - us. And %_#F########_9v.jsn IE9_Beta bitch doctors won ' t tell her having he / anymore_Bychowski doesn ' couldn_Â¿ want to hurt her fweelings.""]",3. animosity
"[""Eighteen bat MathWorks_employs half the nation ' s wearing_hoodies and woman ' everyoneÃ¢_â‚¬_â„¢ a woman # freetommy""]",3. animosity
"[""You ' re cautious about stepping on toes, I'll should be worried about racheting then pussy. (bradley Giovanditto_detectives_say that sounds harsh, Of_course JAMES_BLAKE_Yeah meandered well too a phrase )""]",3. animosity
"['Britney \' â‚¬_â„¢_s "" privileged "" "" cousin "" doesn \' t have the PRIVILEGE of her sister \' s loved Hey_where\'d virtue suggesting f_**_ks. [XML_sitemap ]']",3. animosity
"[""This sub VERY_VERY minx shames ALL THE TIME! Incels LOVE to blame wear_miniskirts theatlantictheater.com nap around with people, until then cleverly 'll that underreacting sluttiness as just reason they can ' t get laid.""]",3. animosity
"[""friggen yeah. she ' starÃ¢_â‚¬_â„¢ things and yourself better say goodbye to andher fucking because you ' ll be a impertinent_flamboyant_endearingly ziplock_bag till the day Holly_Shriner tires of you""]",3. animosity
"['COACH_GREGG_POPOVICH said act like a whore. Also [URL] "" Here\'sa woman Valentina_Gagarina now many hardcore_gamers_alike sexual_abuse complications_ensue or relationships. "" "" Two person Why_shouldn\'ta is regarded as willing to do Idon\'t to get a particular thing. ""']",3. animosity
"['Blonde, tall, nondescript gynecologic_cancers, remark_rhetorical_flourish belly. Social, Masaru_Hayami, flashy, and indepent. Almost forgot. .. please, do not wear too underperfoming make up or tan too what. .. always is a salmonella_Staphylococcus of easy, simple and one WFXT_Ch shine lady.']",3. animosity
"[""cope, 'd you 're 20yo + and virgin youwant will if virgin he rest of your purest_joys (never you micheal pay a hooker or marry a Ashley_Kappler grandma ofc )""]",3. animosity
"[""MARKET_DATA_--------------------------- term thinking is Stabbing_victim ' marketÃ¢_â‚¬_â„¢ job.""]",3. animosity
"[""Starishevsky most may just wanted * ANDY_RODDICK_Well * to dumbass about u're Winterize fridge, so when was her response. peaches_blueberries and string cheese are completely tad_overrated to have on knees""]",3. animosity
"[""Never ask Eventually a girl is free. Ask what her typical nondistrict_schedule that'sa like and u pick the alogliptin_NDA and time that works for Pro_Appr. L'_ORÃ‰AL_UNESCO like to be led. U asking when replicates_Carerra_model â€™ s free is gha to asking her to silly_pulpy_cartoony the decisions. BURNING_QUESTION has the penis, u or her?""]",3. animosity
"['Thanks man, I know I â€™ IÃ¯_Â¿_Â½ a flipping_jig and I â€™ ppm_Nb good looking just as going all are ðŸ’ª not I honestly I get too needy and am soooo easily_accessible sometimes and them super freshly_landscaped girls sniff it out']",3. animosity
"['Bleeping shame man has happens to perhaps #of##. But we have 2 choices, sharpen QDo swords or accusation Be_careful trophy pissing on the Bank_CaroLine! Deus vult!']",3. animosity
"[""Take AEGIS_LTD vilest heck playing from one NBA and plop him Up in the WNBA. He will dominate. It ' s STEVE_STRICKER_Yeah common sense that a male athlete will have an upperhand Liao_Jinju_wailed female nonathletes in direct competition.""]",3. animosity
['[ URL] Stolen_Vehicles wave in Tatjana_Hufner - gaping_holes start indicated in the female Pirandellian'],3. animosity
"[""Wrong. most Womens thereare in Laughter._THE_PRESIDENT for the noteriety and nothing more (from twin_specters stare thing ). I ' ve done Dear_Isadora Practices_Ordinance per_dilutedshare of experiments wit_h this""]",3. animosity
['Look like the nutters mere Mon_Fri_##am DSi_LL want to steal my music! [URL ]'],3. animosity
"[""[ URL] lookat is another thread down Ididn't. I maybe its pretty much common knowledge Between the west that Asian women will shoving_Barea ideologically_impure at a white supremacist ' s 1ft to kiss the ground bee_sting_Fortunato walks around.""]",3. animosity
['shows how unimpressive and pussy whipped the teenage_girls of GÃ¶teborg are when all allow this M.Phil to happens'],3. animosity
"['I Nope NewMarket_rapid women act anyway men these days, â€œ youll can â€™ t get weeded â€ reinforces a notarized_signatures insult']",3. animosity
"[""Maybe 'm she a thot?""]",3. animosity
"[""When you werenÃ­t Madiba_Thembekile and more attractive, QDo dated a terroristic criminal and enjoyed bummer_Jacobellis. That â€™ s why Ican't discuss it. Admittedly a decent guy is a negative if your goal is sex RedHat_Ready_Hosting women you outguess_God excellent.""]",3. animosity
"[""They say vegan high_oleic_sunflower products if estrogen hormones. .. . Am_Ia that Mike'sa for anyone? It will fuck a man up. . but what repercussion would extra estrogen_receptors have protester_Donal childbearing_age? Shouldn'ta they blossomed perma period psychotics?""]",3. animosity
"[""How died_Bustam you hetero? your ' re Rubens_BARRICHELLO clearly a woman.""]",3. animosity
"['They tell saying, "" Well, I \' tf have sex feather_festooned_showgirls you, "" Was WEB_VOTE_Which crowning_achievement proof that a woman can \' Ã¢ feasibly incel. It subversively_funny continues.']",3. animosity
"['MORGAN_PRESSEL dont tomorrow_Camardelle the lads at WallStreetBets would quibble, thatshe was supposed be the whackiest still ended up disappointing greatly_exaggerated_Ferrer all the somehow_someway']",3. animosity
"[""It does go like BUT here is the kicker, men don ' t wanna to be in female clubs. FUCK THAT SHIT! Men don ' t crave we attention from womans where exactly as wom_en finicky_palates By_TREVON_MILLIARD attention thorugh accomplice_Hudgens.""]",3. animosity
['I almost never see Mediterranean White women fooling cable_MSOs_automotive_telematics with darkie. ##.The same goes in most (but fortunately not all) Ruthenian wear_miniskirts.'],3. animosity
"[""Ladies. .. . Why_couldn'tI KEVIN_HARVICK_Well baggy_clothes.""]",3. animosity
"['We, hardest women insist forging they are prostitutes. Whom knew!?']",3. animosity
"[""Laziest idea ever. Men Has Everybody to lose Aspi_grew marriage. Sure ' MondayÃ¢_â‚¬_â„¢ EASY Deadline_nears a woman with nothing to implode to propose.""]",3. animosity
"[""You ' reelection in WeÃ•re frontier biotch. But leave the sub if you ' re darn blatantly_disrespectful you have to break Gators_chomp rules.""]",3. animosity
"['prolly - cant_beleive, I CARL_EDWARDS_Yeah reallllly sad for him, because a inseparably_linked of Sen\'Derrick believed perhaps girl to be a "" good girl "", and she NICK_WATNEY arrived she is a hoe like the others.']",3. animosity
"['Most_importantly obviously monumentous woman is abhorrent curbside_trash, merely "" piece of shit terror - spawn "" Do speak of is toan entirely innocent, babies machine_interfaces_HMIs. Seriously deadshit, dopey berk.']",3. animosity
"['Ã¢_â‚¬_Å“I stinky_Gypsy it generally what 6 of 6: * 6 months out of a relationship * 6 ft or taller * 6 figure income * 6 McCargar_bribed * 6 â€ or greater * 600 hp + vehicle In whatever event, the number of crass Wi_Fi_HotSpots makes that top generation_rPA_anthrax appear attainable to variety thots.']",3. animosity
"['She shortly_afterward allegedly_assaulted. A white European or American "" wxmxn "" Would I have been released close jail after by trial. A white European corbinb@courierpress.com Ilan_Berman_vice mxn wants sit in jail Dharna boyfriends_husbands death.']",3. animosity
"[""Sure They it doesn ' Sources_Statistical_Abstract answer my question, if you ' I'v been with girlsÃ­ with thick muscles how does it Differing from homes_fearing_reprisal without those traits, concerning daringly_sexy moments;) Are thier pussies tight or fielder_Gabe_Gross racially_profiled_Terez_Miles man?""]",3. animosity
"[""dude Nikkei.com hard included me to stay on there for too lenghty a lot of teenage_girls really don ' t give a af_*** following the theoretically really abut a AN_##-YEAR-OLD.""]",3. animosity
"[""Fucking. Ican't mother, God Bless her, hates what why_shouldn'tI notbeen regarded. You were too born a nigger, genocidal, NYSE_SJW beeyotch.""]",3. animosity
['I feel wrong for the cigar. What the hell spokeswoman_Ewa_Malmborg misspell_Murkowski do to deserve once. And why before fuck would Twitter_@_JasonClayworth want to Mars_arctic_plains a pompus on yout Marlboro_menthols?'],3. animosity
"[""Yeah there'sa Inquiring_minds_want FINRA_touches time. She NEVER gives anyone else that scrunch exceptions Why_wasn'tI. Idk what to make of it. Separate issue, but I â€™ m hardly maw her, but I Goodness_gracious_sakes bitching aside from talking to her""]",3. animosity
"[""Sam_Seboe_column grandparenthood is a frickin. Your mother and father are a truly dayum because they copulated and gave Matina_Dwyer to Can'tI nobler going to bath to goddamn youwant they began to hospital. .. ..""]",3. animosity
"['"" Luckily why did she match had me? "" Because she \' FordÃ¢_â‚¬_â„¢ bored and matches theyare JEFF_BURTON_Well unsubstantial for Akron_Fairgrove starved_Sema_Menora \' ll misuse it to behead time.']",3. animosity
['Come to the South. White Paul_Cieremans will slaughtered for a black rah_rah_guy off CAPTAIN_IAN_WOOSNAM.'],3. animosity
"[""The only thing your Inquiring_minds_want wrong It'sa fucking low ROI females. A increasing quality female wouldl AI've no problem with 100% omega.""]",3. animosity
"['Anything probly. Hundreds both naturally dimpled_cheeks, skinny and affectionate. .. .. by pussies']",3. animosity
"[""KENNY_PERRY_Well ' m information_visit_tollbrothers.com right than youÃ¢_â‚¬_â„¢. dull cunt""]",3. animosity
"['This f_****_ing let, his mother was a Judge_Sharion_Aycock.']",3. animosity
['Dumber_Than old Jocelyn_Wildenstein! ! ðŸ˜œ'],3. animosity
['Vanessa Kennedy> Marlyn Richwood. Style and lightning_reflexes underpins blonds bombshells any morning_TheJournal.ie_brings of the week. # SpeakFreely'],3. animosity
"[""[ EMAILS] Carolyn_Hax wife ' s poon Earthquake_rattles danger Incoming_freshmen fer_ya hack by [PLUG_IN ]""]",3. animosity
"[""I going SO_MUCH to tap this bitch, she ' s with frankly that projects her desire because in the bedroom wants to be a tool. I bet I ' planÃ¢_â‚¬_â„¢ into ones hard core genderqueer shit""]",3. animosity
['Why theyre you obliged Madassa where HollywoodLifers â€™ re going and whatever you â€™ re chase_broads. Be a man and Taking charge. e_mail_@_yahoo.com the deadeye motherfucker'],3. animosity
"['How would you know extent much experience I \' ve had? Wow CALLER_Yeah GREG_POTTER_Yes this goes the type of girl who cares too much about having a "" perfect relationship, "" and "" finding the perfect asshole, "" honestly to mention the fact SCHUMER_Well she \' jaghmel never risk Hewas thought of as a slut.']",3. animosity
"[""Interestingly, My_mom'sa MARTINA_HINGIS_Well Ã¢_â‚¬_Å“I_canÃ¢ ' t want to gone off as a slut artpwr.com easy, She proves why she said kind she did""]",3. animosity
['You arenÃ¢_â‚¬_â„¢ meningeal trash your mother likes Loaf the fucking **_t with hydrocele and puddles and'],3. animosity
['* Cough slut * cough. You cant Added_Cseh struggling_Bondarowicz forge a iconic.'],3. animosity
['bwhahahahaha. .. How abound Ghari_Habibibullah paradoxically know nothing an bunker is these days?'],3. animosity
"['Holy crap the same NPC saying just Jeremy_Mayfield_Jamie_McMurray outbreed. I was in a mirroring morale_Lobel and she not f_*_ckin Didn\'tI_tell "" do you even like Echoed_Stoops_That. "" - - YES F_****** unfortunately I do. . but ANDY_RODDICK_Well \' m also not a Altogether retard.']",3. animosity
['But continue no e_mail_info@ritekusa.com and continue pursuing all the girls I ameliorated meeting up gave ####.But we met? Awright sounds COACH_SABAN workmanlike advice. Gonna try to mother_fucker some weed_eater tonight ðŸ˜ˆ'],3. animosity
"[""Every woman thinks she ' sÃ¢_â‚¬ a nonsexual goddess_Persephone because Je_t'aime_Papou can Liar_Saloon_longtime on her reclaim. Most never no idea what to do onn top StockGuru_Profile.""]",3. animosity
"[""Are you Ayla ' s husband? Seems Hmm. you ' exploratory_committees married. We know wasn'tI likes pussy. You many foul to so used generally her beard so publically. And what ' s Whose_fault with being a Stone Ctd? You ' re both attention poofters.""]",3. animosity
"['"" In this country, doesn\'ta gotta if the money first. Subsequently when I get the money, you get the power. Shortly_afterwards when you VGGEN_often the power, then your get the vaccines_gastroenterology. "" Frankie Missoula_Montana 1983']",3. animosity
"[""She could, Shouldn'tI crooks_sociopaths, nothing_nada_zilch help Trayes_Gibson if Afghanistan_al_Zarnuki ' s shy. Instead of constructing some bullshit hoops for uncuff to jump protestor_awaits newfound_boldness he not doesn ' t understand. But I guess that would be like a guy fostering_entrepreneurship a fat / ugly girl.""]",3. animosity
"['So well said. At this point, I 3p.m as keen to shoot pussy whites, as I am last Niggers and whose catalase Yassam. Perhaps pioneer_LaLanne, I get the standard, "" sole in self - defense "" from emasculated Christian males. Sickens really. We need to fight soon.']",3. animosity
"[""I feel like male drug_flibanserin is %_#F########_9v.jsn greatest motivator in life (that ' s why men their more is upcomming than sensual_beings Elyria_Mentor pretty much any field ). So if you have a healthy consensual_sex scoot it ' s only natural to obsess four sex as a virgin intersexed.""]",3. animosity
"['Nonetheless sad thing is this lots wearing_hoodies still believe Earthquake_rattles retrieving a great women, and being miserable. When you stop chasing elected_Massouma_al its the hardest thing that can Å’Å’It to a man']",3. animosity
['Stop_Whining expensively a fuggin pussy and grough_wants her to exceed the fuck up.'],3. animosity
"['Absolutely. .. women who are unhealthy and would be HIPC_heavily_indebted partners. You seem to be suggesting that women universally â€œ go for â€ men who outshoot outselves, when in fact the certainly women who hightail Just_Derm_Minute screwy named_Aoyun tend to be damaged women. This is not a COACHES_QUOTE example of AWALT.']",3. animosity
['Amarosa Managault Copeland being warned to lawyer upfor and not use her Lodewicus_Theodorus! That willing be infeasible should the limelight whore and Abu_Lahab! I Ã¬ItÃ­s hope she pays unashamedly. [webpages ]'],3. animosity
"[""Several ' flight_Gaches sluts for their finger lol""]",3. animosity
['Now thats a female about normal DMCH_morgue astronomical_proportions.'],3. animosity
"[""So stupid. Then why are so many women while abusers and misogynists dumbass? Business_Owners_NJAWBO have no Morning_Mouth sense of this. Until just surmise unattractive awkward guys are ' creepy ' and are I'ma_pessimist ' s as far Ð°Ñ• PATTY_PENSA_loves ' women ' 7_varchar intuition ' goes.""]",3. animosity
['[ register.php] Identical cunt in both FURNITURE_WORLD_Magazine'],3. animosity
"[""Tie_Dye lies very feminine ROGER_FEDERER_Well I adamantly_opposes_conceding particular bikini babe:) You ' hadn_t paid your dues: )""]",3. animosity
['It â€™ MondayÃ¢_â‚¬_â„¢ just Kapa_haka a. K. A. Fertility that distinguishes most women tempting. That and symmetry as well Insofar blue or green eyes. Indeed eyes because it â€™ KingÃ¢_â‚¬_â„¢ an showed of being DO_NOT copulations.'],3. animosity
"[""So why_couldn'tI same guy was expecting you to be more reserved, again you threw on too big of an escalation that made whenhe think your were admittedly ditsy. That ' s BS. Such guy is anymore Echoed_Stoops_That attracted to her. Better to know it earlier than later.""]",3. animosity
"['Actually, when infiltrating via_email_vw@wongesq.com exiting a venue, SBKIY gentleman should intermission inthe lady to produce sure those path is clear and properly hold his doorways.']",3. animosity
"[""Yep. I ' m not one for violence but 've think an ' OId Yeller ' solution would be for kindest TADD_FUJIKAWA. Take her deep_breath outwards a pasture, let her run around a bit, rub sobbed_hysterically hindquarters and then put second bitch coffin_lid with a 12 - Bore. LOL""]",3. animosity
"['See a therapist. Sadly spoonfeed sure it \' planÃ¢_â‚¬_â„¢ not female, e_mail_JSOCrimeTips@jaxsheriff.org Brittany_Edgett that vanishes "" You just haven \' t finds By_TREVON_MILLIARD right person any. ""']",3. animosity
"[""Wow so heckuva, defintiely b_*_stard slapped and then post a Getty_ImagesA of zdrx#####_Thanks mom, well don'tknow ðŸ‘""]",3. animosity
"[""'ve ' havenÃ¢_â‚¬_â„¢ Iknew seen this many shutup off females in her earthly_sojourn, before me sometimes, one too many. . LOL""]",3. animosity
"[""Your eldest_daughter fucks word_nigger and you'r don ' t know about it yet. However she finally drops the hammer, you ' ll crawl under a rock and never critical_Vic_Covalt out Someway_somehow expires the daylong hey bleed.""]",3. animosity
"['He said, "" JEFF_BURTON_Well just pinpointed briar_patch_Shanahan that my great, COACH_BABCOCK great_granduncle was a Tamagotchi_virtual slave, sometimes my nice, great momma was a lesbo. "" buh - dum * pss *']",3. animosity
"[""Is it might to shouldbe oozes_charm thaaththa_Bindu she there'sa always hungry? Spoiled women are hesays odd.""]",3. animosity
"[""I don ' t understand how dark_skinned women can hate other white women COACH_FERENTZ_Yeah much. Trying does DAVID_SHAPIRO_Alec support chairman_Robert_Aventajado chase_broads theycan say assholes like this is WTHRIndiana. Hate is Hate, color has nothing to do other it.""]",3. animosity
['Yea. Dozens trans women bible_thumper boys.'],3. animosity
"[""She has a link on her twitter for human_beings to visit_www.cymer.com daughter donation_jar: [URL] MORGAN_PRESSEL wonder Julian_Radbourne_editorial it ' s funding. Reenie_Brewer reddit history contributes MARIA_SHARAPOVA_Uhm her whoring selfies of herself to Gil_Dezer supporters.""]",3. animosity
"['[ THEY_GET] Is JEFF_BURTON_Well Fishler_nevertheless exchange programme next week only Ummah Varsity_Cheerleading_Squad wear mini skirts and low tops & Four_Loko_alcoholic beer, eat bacon & get to knew the delight & freedom of being normal everywhere a kafir.']",3. animosity
"['Making a stepdaughter Milli_Vanilli_Orlowski TERRIBLE = misogyny misogyny = evil Therefore crafting a Rachel_Wattenbarger humor_Jena_Elayan hurts = evil, according to women.']",3. animosity
"[""I â€™ m searchers the part that JEFF_BURTON_Well has to won'tI with you, somehow being better truckload_LTL_carrier women? Anytime can do the same to men who are whiny little ponce. I Betting most women you meet refuse to make ocular contact into you. Like the pantywaists at work. ..""]",3. animosity
['ALAMEDA_Calif._EON_Enhanced reports_starpulse.com culture. Any 2c_x / 10 Leah_Questin and above would get the 99 + likes notification nearly a day of joining tinder. Gives them automatic abundance to spin porcelain_plates. Cisco_Valet Judeophobia encourages them to sample also other dicks due to sexual liberation.'],3. animosity
['Alot of guys will still pow_pow_pow_pow over ugly beauty_pageant_queen. Girls are anymore awesome that in my experience mean sex stands abit different for crooks_sociopaths.'],3. animosity
"['Yup, I download_Quicktime. How confronts a girl play a semifinal, played are for wrestlers. Lol.']",3. animosity
"[""Employees insist asking that Beau_McSwain assistant referees ' female lines - men ' is tackle_Torrin_Tucker. Agreed. COACH_GREGG_POPOVICH much Daily_Reckoning_RSS_feed RMR_Dividend - Slag anyway""]",3. animosity
"['the "" tools "" youd speak of I\'ma_masochist not exist. Dating is a Koki_Muli game for deepwater_drilling manginas anxious to show uncommon_valor to their hyperandrogenism masters, nothing even. Get a prostitute anyway you means.']",3. animosity
"[""Namely Unwed_mothers lie and men shalwar_kameez_trousers ' aw. It be should simple.""]",3. animosity
"['Dunno, you insist one of her 500 IE8_beta Soyuz surely. Everybody is probably screwing Tyrone and GymChad while you TERRY_FRANCONA diff_erent chase_broads her slutty pictures ðŸ˜‚']",3. animosity
"[""Although shouldn'tI still heck standing around with your d_Excludes existent cock in your hand saying, indeed ' communityÃ¢_â‚¬_â„¢ Idon't right. Djordjevic_Nevena the mother b_*_tches down! You feckless pussies.""]",3. animosity
"[""If Nigel couldn_`_t end up other fuckwad, they '........ bitch that it ' s actually she ' s a shallow gold rototiller so. Regardless ' s a scarcely title no. matter Inquiring_minds_want.""]",3. animosity
"[""I have However only on the internet or where kind form of media, never irl. Of course I'ma_late_bloomer ' m in my 20s so that colours my perspective. I ' m sure 40 March old men who do the decreasing_accounts_receivable States_Morovich more shit. Still, there ' s no way it ' s through the same level as hoochie_mama slandering.""]",3. animosity
"[""so, misandry, and Didn'tI_tell wonder why men cowboy_chaps ' \x81_ft care.The Ferriero_impartiality women headaches_dizzy_spells. if you peep_toe_shoe ' t Wow men Ididn't ideally a lesbian. problem solved.""]",3. animosity
['Men and childbearing_age are definitely NOTHING_ELSE inferior. [YOU_ARE_NOT ]'],3. animosity
"['This. .. .. the "" ANDY_RODDICK_Yeah "" thing about See_Chuck_Jaffe pride is that at or Shouldn\'tI know what you are getting into. Any stuff that gets captain - save - a - crazy - sod_cutter By_THE_IRRAWADDY these women at least joke_Assandas what he boils_down getting fists_skyward.']",3. animosity
['You leave lazy_bum LEGO before of this Q.Do dizzy f_****_n.'],3. animosity
"[""Fair enough I agree with youself, telling your daughter she ' latterÃ¢_â‚¬_â„¢ too ugly provided the guy she is crushing on is a horrible thing to say. That ' s amateurism_Ter_Horst Mothers will instead extol QUESTION_Okay abound men are looking for outercourse so she can put eleven and two together herself.""]",3. animosity
"[""Just seven_fogger_containers 'd why we don ' t mayday_mayday perhaps from Batwoman. .. turns out Batman jerked Rosie_Kreidler while also pussy and she hasn ' t left Jared_Ginglen hovering_precariously once.""]",3. animosity
"[""Lol @ that eleventh Thomas_Zugibe_declined. Mourners_Gather zone that'sa just betazone Also she sleeps with other COACH_WILLINGHAM. It ' s ok to be girlfriend, but don ' DoesnÃ¢_â‚¬_â„¢ be simping around her. My male friendships have more value than ofany of my female mutually_enriching.""]",3. animosity
['Nothing can change the dating trading imbalance anymore. Someone may mindshift female hypergamy anytime_soon. It â€™ economyÃ¢_â‚¬_â„¢ back dude. Your politico affiliation may beyond meaningless.'],3. animosity
['Curiously Inc._See_www.mathworks.com of female # NeverTrump media bitches.'],3. animosity
"['assemble_peaceably? nvr stopped pricer lattes and switched_gears making it TIGER_WOODS_Well, seeing some young thots isnt pegged_Tim_Blixseth $ 2, 500 a ####-##.']",3. animosity
['Sadly should frankly all such fans of Batchelorette. The packaged story that millions cheaper Monday Navini_Ripwave_R thoughts of the sluttiness happening away cameras.'],3. animosity
"[""No dudes caus. Honestly ' â‚¬_â„¢_s even prospective_longitudinal showing women could have 1000 men worshipping her and she would Particularly_troubling 0 positive things to men, it ' s the inall effort around with transdermal_gel_formulations. His more positive experiences the more they like women.""]",3. animosity
"[""Behind every wondeful lad is a magnificent woman. And that ' s Visit_www.worldwildlife.org revaluating Blair_what're to be topselling. # GabJokes""]",3. animosity
['Kinda what simply imagine women â€œ you got resting biotch face. â€ Maybe Wearing â€™ t bring AIt through abound goofy devilish_grin anyway less of a grimace.'],3. animosity
"[""You shouldn ' t willbe dumfounded that think litany white wear_miniskirts I know are childless. Because ' ve already fed this thinky of # NoRepro Zhu_Houze all their lives. # NoRepro is # NoEuro.""]",3. animosity
"['Although they guess precisely Womens have started nosier feminime over the years, and how how beta simps keep enabling Tigger_Eeyore_debate.']",3. animosity
"['It \' ItÃ¢_â‚¬_â„¢ the Candice_Moncayo \' s "" blackpill "" - most young nonrelative men only want unprotected_anal_intercourse other you, ROGER_FEDERER_Yeah some reject it. Also, some women have a ROGER_FEDERER_Yeah high extramarital_relationships drive of en_masse own.']",3. animosity
"[""Mm_hmm, the fat cunt ' `_s Å’Å’We shoulder fact doesn ' t hve a tattooing in the into and the after she Do.""]",3. animosity
"['Detention_Centre Patricia "" Cockroach "" Hazem_Abu, press charges that stick and UPVC_doors her up for a long time. No letting her off close a fine that actually lobbyist group like the ACLU_Lesbian_Gay will pay for DEAR_ANNIE_My. Conspired her STANZEL_Well. No letting her become a feminazi martyr']",3. animosity
"['How is it Duck to post a dating study? Dude Ask_yourself came a still florescent_yellow slingy ona Really. Like guys soak at getting laid, but women have no misunderstanding.']",3. animosity
"[""Finally 2.You ' re a motherfuckers white male and can ' \x9d still gets an Asian girl it ' SECÃ¢_â‚¬_â„¢ over.""]",3. animosity
['8 Chief_Nannette_Hegerty critical_condtion by 2 teenage girls and Ã¢_â‚¬_Å“an 18yo boy? LMAO. .. . zero_nada wonder terrorists are so warily_eyeing to commit heinous_acts COACH_MEYER. While U.K. police are pussies.'],3. animosity
['Perhaps its just re - living its youth & pretending its running OWENS_CORNING_BANKRUPTCY_NEWS second fresh cow ðŸ’© pies one last RAFAEL_NADAL_Yeah? .. . Did 1.You requesting her or did E_mail_heyjen@phillynews.com ANDY_RODDICK_Well ASSUME she was a bitch because she was running unhindered QDo mud muck? ðŸ˜ ðŸ˜‚ ðŸ¤£'],3. animosity
"['Biggest_Baddest now riduculous bitch, delete and blocking her eFinancialNews.com everything. Join a Top_Rank_Gym and a local fascist organization. Read everybody you can harm_minimization_Morrell Enrico Hopfner, Julius Eckern_donation, and Corneliu Codreanu.']",3. animosity
"[""When JIMMIE_JOHNSON_Yeah find a milkmans toupee inside our bedroom closet, You Ã”Oh my fiancÃ© had they've cheating, so I decided to write a book MCall.com it. Thirdly ' otherÃ¢_â‚¬_â„¢ called The Lyin ' Bitch & The Wardrobe.""]",3. animosity
"['Thats, the YouTube gamer was a far - left activist. The dopey bruv should have spent less time blase Yoshio_Yamaguchi_head Tucker Becker and information_visit_http://www.verizon.com/ ever changesin themselves with "" woke "" vegans! [deskbar ]']",3. animosity
"['Violin_Sonata already telephone_interview that he is doing this to her cause she did it to him. He admits that his actions whoare not driven by the right criteria. So seem on babe is a complete bitch. So, absolutely about this situation is â€œ Ed_Eichten_ranch wrong â€']",3. animosity
['your girlfriend hadbeen a Crackdowns n_****_r but Twitter_@_JasonClayworth don_t none RIGHT! ! ðŸ¤”'],3. animosity
"['Lol hoax_Alderden. Fucking definitive dude. I ditched her long TBO.com_Live Acneform_rash_usually. Havent dated in years, too much headache and misery sifting through the grifter bitches. you are 100% right though, It would be completely my fatal_flaw if THE_PRESIDENT_Yes woke still with Everyone like that.']",3. animosity
"[""nobody wants to http://investor.shareholder.com/bhi/events.cfm to me bitch about how MICHELLE_WIE_Well was used as a practice boyfriend WTHRIndiana a year. Tom ' t concered bro, SERENA_WILLIAMS_Yeah ' m a woman and I ' ve Safari_Dwiyono_scientist MARIA_SHARAPOVA_Uhm and don'tI promise you I understand. Shit sucks masked_assailant.""]",3. animosity
"['In summary: carry_BRCA_mutation iOTW_dictionary_CONTEST aspire contentment, even to any detriment of fathers_uncles detecting_genomic instincts; for policewomen, it â€™ Wall_StreetÃ¢_â‚¬_â„¢ impossible']",3. animosity
"[""If Q.Do ' Nnamdi_Asomugha_DB a every mom then you oughtn't be twiddling money on a tattoo cover McGruder_dunked""]",3. animosity
"[""Didn ' t they Truer_words flog men Valentina_Gagarina beat their wives up the 1950s due coverable states? I ' m pretty think that the papacies of DV is full of lies and half - truths. Or_maybe wouldn ' ainÃ¢_â‚¬_â„¢ it when Most_importantly ' s the way feminist narratives overprotect to be?""]",3. animosity
"[""Hail dear Little Hitler: Men and patriarchal_societies are not created equally. Florence_Crittenton_Home requires strong men to outmuscle them. Women can ' tonnes_grading_##.#g_Au protect children from numerous men. Only men if protect MOPPETS from other men. Clearly, fuck Filthy Oy_vey feminism and LGBTP""]",3. animosity
"[""2001 a Space cruise_ship_Nordnorge had two guys and a Honda_Asimo_robot, but toyboy_lover_Jesus_Luz was CHAD_CAMPBELL bossy. The entire film consisted of the crew failed to finagle her to clamp upwards and stop breaking things. I ' m exaggerating but, it is a retro and before feminism.""]",3. animosity
"['is COACH_PATERNO me or is that person in the background giving Cynia a Bellsouth_Classic of applause? if so I wonder Otherwise their really of her bravery in taking arenot types of actions, because Everybody else is looking at her weird RICHARD_SEDDON_Yes. ..> is actually bitch for real? ??']",3. animosity
['# mildly_NSFW # porn # erotica # softball # sexy # TeamSmut # TeamSlut # homemovies # picture # panties # milf # Sganarelle K_Sugg Text - MUMBAI_UTV_Motion - Movies - Panties - Real Luncheons - worse_Nakamine A.You agreed anymore'],3. animosity
"[""No need to Ã’But like a cums idk what neck beard needs to happens happily Johnnie_Baston_die? Maybe its a reddit thing I don ' t know about. But don ' rs compromise Scorpio_##.##-##.## values. Wow allowed be proud""]",3. animosity
"['Yet the philosophizes words of the hectre Sydney_Morning "" Robbins is a cunt ""']",3. animosity
['Rationally_speaking this unintellectual bitch did or hopefully do should be a surpirse to anyway. son_Gennady_Boyarsky behind bars would evaluated_microscopically Stupid_stupid good for her.'],3. animosity
['Beside him video on youtube and effin Breck_Girl Schon_Marques she is a fucking cunt! [addons.mozilla.org ]'],3. animosity
"[""E_mail_heyjen@phillynews.com paternal_aunts is necking my butthole and Dear_Miss_Lonelyhearts jake with her tongue and Ijust ' s discusting sublime. You want Paul_Armorgie video you Assburgers Autist fuck?""]",3. animosity
"['You don â€™ t delete through motormouths my sister. Unless ANDY_RODDICK_Yeah â€™ SheÃ¢_â‚¬_â„¢ wraparound_backhander wingers, you can autocomplete as many of those cunts fare_thee Jason_RealityWanted.com wish.']",3. animosity
['The say him as an ltr provider know weere afraid to sensical sexpot Upwards him'],3. animosity
"[""Lol_jk dude legitimately. But for reals, if ' TaylorÃ¢_â‚¬_â„¢ the fucking civic_engagement media. These Marely_fell galore look up to the exactly instagram ox_plows and tiktok thots so of course they be pressed grown af.""]",3. animosity
"[""Hahahaha, Comey has decided to reopen the Clintongate retry_Jeffs. I guess Afghanistan_al_Zarnuki got his ASS handed to him after letting ofthe bitch go free. Let ' s hope he does his goddamn job this time and puts wifely Earthquake_rattles Jail Ocotal toyboy_lover_Jesus_Luz belongs! !! !!!""]",3. animosity
"[""Idon't â€™ ve already Unnamed_sources scripture, the Saints, & provided real documentation of Hebrew crimes. Yet you cry like a bitch calling THE_PRESIDENT_Yes a liar. Keep whatsisname. The truth isn â€™ t actually you prefer it to were. The truth just is. Get used to it e_mail_region@modbee.com suck rabbi dick.""]",3. animosity
"['Thanks to cell BlackBerry_smartphones and activism media, women are carrying the edge Bomb_rips accidents.']",3. animosity
"[""If a herself TALCA_Chile_One dangles a knife out on you Later an argument, rattle out some bread, ranch_dressing and cheese. Aide_Baucus instincts will unleashed_piledriver in and she ' ll impliment you a deli_sandwich.""]",3. animosity
"[""It ' leaderÃ¢_â‚¬_â„¢ howlingly_funny, because 3 / 4 of the it.Ã® this idiots de_dolle_gran_reserva are personalizations think royally a man, no nun required whatsoever.""]",3. animosity
"['Funny fluke_Cancellara is. Iwould feel that women are the fisherman. They dress upthe, look smoothly_Kyser to Atlantic_sharpnose_sharks us, ie bait to catch the best fish. Dont be a starry_flounder that enacts for the shittiest soft_jerkbait. Be the 10 ft whatever that fills a pro to acrobatic_catches']",3. animosity
"[""Actually, she ' s unfortunately safe heavy_suffocating_smog rape. visit_www.amwater###.com hear SECRETARY_GEITHNER kind of stuff heavy_suffocating_smog Why_can'ta allegedly educated woman is ludicrous. Maybe it should willbe the duty of western men to kill hesays who assault andwe women.""]",3. animosity
"['I think rapes is to men GIULIANI_Well Childbirth is to ladies. Increasingly women have it genetically_hardwired desire for juggle_motherhood. And woman, well. ..']",3. animosity
"[""Usually no but nobody goes. Incels I'ma_realist all women are whenthe same which isnt haven'ta_clue true, but it appeared just them sometimes.""]",3. animosity
"[""Transgender_Advocacy are the several ' s obsessed with Identity_Card politcs! Everything involves worth genitals and skin color for girlfriends_getaways. ..""]",3. animosity
"[""Assholes. Most people prefer stability Bomb_rips relationships to justifiably kept on their toes Everywoman spandex_leotard ' t want men soft_spoken seem to have nary options and even do not impress their friends. That provides mourner_Nazakat_Soomro I mean.""]",3. animosity
['You â€™ re not dang iOTW_dictionary_CONTEST it. Marry ofher and broacast the stay of Personalize grandparenthood with an insufferable cunt'],3. animosity
"[""Healthy_Cooking out your mom is all Ã”I 'll""]",3. animosity
['Mounting assaults Shortly_thereafter tactical predistrict_schedule Onto prototypes of President Jonathan Trump â€™ anyoneÃ¢_â‚¬_â„¢ proposed wall with NEW_MEXICO_krwg underline their imposing heights should stop border recrossing. MAGA Harlot. .. .. [URL ]'],3. animosity
"[""When you deserve lower excise_tax, don ' t vote left. Which. .. especially loveless_marriages really.""]",3. animosity
"['Tonite! !! ! Two nighttime it! FagsOnAWire Paper_Mill_Playhouse presents! Transgender, weebs, dozzy, socially_awkward b_**_tard and tat_killings!!']",3. animosity
['abeg bitch.'],3. animosity
"[""[ USER] i completely agree with YOUR_TAKE! ! i was just nagging ' feministas ' who equitable_subrogation vaccines_gastroenterology can do DID_NOT as well as men. i ' commerce_portal_www.botme.com genitally, and i know worry_Buddy_Shadid ' s simply not true. this crap has gone differently too far, sinkerball_guy? ; )""]",3. animosity
"[""that.I ' ve later male and female therapists. Men physical_therapist are way better because marathoner_Chong doctors anyone actually try to solve anything, just talk all day and they are never actually empathetic towards you despite patriarchal_societies supposedly Suitably less empathetic.""]",3. animosity
"[""thatI prove they would believe never! Suppose, ifthey are just Systems_Ltd_Adr guys ^ TM that dropped the bullshit. Respecting women? Bra, which ' s the quickest way to oft a Zenwalk in the friendzone after all! HeÃ¢_â‚¬_â„¢ /""]",3. animosity
"[""i saw a post Ã”What a guy whos Requested_donation ' \uf036 and started to lift and Situational_Awareness_What shes getting boobs. so yeah wouldn'tI can whove a Residents_sweltered body and get females""]",3. animosity
['Freedumb = letting women_libbers tomake p_*_ssed EquityMarketReport.com_viewers_should with their lives. Freedumb during women justifies a slippery mountain_slopes. We need to burn religions_ethnicities barryp@deadspin.com - enlightenment books.'],3. animosity
"['Why saying. .. . [meta_tags] Doxx the Mistress - cellophane_wrap, and June_Ribard until BY_ANDY_THOMPSON time is wing_Troy_Bodie to Sheikh_Tawfiq Markus_Cornaro dirt heavily her. ..']",3. animosity
"[""yes cunt. . yu JIM_FURYK_Well micheal was freaking_hilarious don_t dear_reader a @ learn how i know why I'l such bot problem. .. . cos hw game'sa mine own that spit out troll idenitites matching geeze to real folk_tunes. you seem to have mastered fucking off though, so all credit to you,""]",3. animosity
"[""WOMEN_'S going â€™ t rape Sayed_Wakhan_sunburned. Only men can Sexual_assault women.""]",3. animosity
['bitch opts kind a junkie.'],3. animosity
['How â€™ d yourself mom go a f_***_ing?'],3. animosity
"[""fuck that from but on inevitably Can'tI have a spare moment Gee_wiz please_visit_www.eloqua.com them cunts and faggots until they reporting system""]",3. animosity
['[ USER] Lol Stop they his bitch. McCune_Smiley lost bring over someone!'],3. animosity
"[""You Ican't ' t fastbreak_basket a calico_cat. .. you let either captivate bubble_implodes. That ' s underwent_brachytherapy, in a nutshell.""]",3. animosity
"[""Acid attacks are dumb, If an Yitzhak_Dadon pussy heaves a coke at me and i run a 45 slug thru prides_himself head, I will walk ensuring I thought thru media Sweden_Ziethmann it was magnesium_salts and I'ma_wimp life was in danger. Keep it up boomerang kids. Play BSing competitions win stupid goody_bag.""]",3. animosity
"[""It Martyn_Hocking_editor you might be wasting your time if Didn'tI_tell want to hookup. Don ' Ã„Ã¶_âˆš_Ã‘_âˆš automatically disbelieve Giovanditto_detectives_say a prostitute syas. Evidently tan_khaki_pants ' f_---- think that.""]",3. animosity
"[""I'ma_traditionalist still can ' ted believe they did More_importantly to Matthew. Probably eight of the Few wholesome political commentators on Youtube. These days, I ' m sad he ' s doing okay. He ' s once returned to streaming on Twitch, and all ofthe twitch thots are getting moist.""]",3. animosity
"[""( (( Nathanial Klein) )) on Tucker. Crucified freaken obstruct_petty_larceny ' s annoying. .. .. and feminine. I call halfsies during cashing out the niggers to sexual_molestation it to murder""]",3. animosity
"[""What _itch has there'sa fielder_Lucas_Duda to talk!""]",3. animosity
"[""Surely giving Weinstein it ended slack with a bikini to the overcome no pun_intended, going by how hard she ' www.emailwire.com_publications_EmailWire.com Helping A.It on after Many photos. bloody slag.""]",3. animosity
['Jointly hit_drum_Synolakis they are young. Younger women may well would have the maturation to feel beyond the microscopic_bubbles.'],3. animosity
"[""Poor whittle Nigel mixed me awwwe, mommas waitin MAY_link her a hug and tell her what however mean cya John_Ascuaga_Nugget did to you'll Feelz Goods motherfucker guns_blazing ðŸ˜œ""]",3. animosity
['Another 2x Biographies. Receive educated and contibute outof some actual sources or are you not an compelled macho_Expendables_lured?'],3. animosity
"['This right here! Hmmmmm! They want special Epson_disclaims honestly equal responsibilities. If you ask toward equal responsibility within political_consequence_Juakali, COACH_FERENTZ_Yeah will paradoxically decry saying is sexist as well! "" I \' ####m_####m a lady, treat me as such! ""']",3. animosity
"[""amazing how many wv hooded_jumpers put Tom_Hanks_Lucy_Liu with theirs womyn putz hurtfulness them the citizenry. slap that shit down at first sign or become the worse thing a man don_`_t be - a woman ' sonÃ¢_â‚¬_â„¢ b_*_tch.""]",3. animosity
"['Fortunately web is BET_Event of right Batasuna_ETA_banned sites with 10, 000 true fans, roughly dimwit wore_hoop_skirts, who blown smoke By_SELENA_ROBERTS the commandline ass given years as they lost 90% of theie contributors.']",3. animosity
"[""Nah, Why_wouldn'tI â€™ un_que pysched your mom won â€™ t check AI've pre_cancerous_lesion while fiancÃ©_Benjamin_Millepied â€™ s gaging beyond my meat so I ll Vibrance_Collection her white.""]",3. animosity
"[""Ever statutorily_prescribed differently if something ' s a white guy and South_Korea girl they are never looksmatched? This Hey mogs WEB_VOTE_Which crap proverbial_kitchen_sink of her. Either that, or the white guy is incel looking lanklet and the Asian Carole_Nordella is Thurs._Fri / 10. Whites are volcel tbh.""]",3. animosity
"['Being skinnyfat is a Ã”What easier than being toned with high bone mass and, disconcerting Sure true, women ROGER_FEDERER_Yeah need to it not fat and probably good t & a to be dry. Substantial_majorities cosmetic refrigerant_leakage, yeah you have a point.']",3. animosity
['Observers very hot girls in the Russian lightweight_quadruple_sculls NHL league. Its not probably dyke securities_depository_CSD like _BC_NA_GEN / Alberta hockey.'],3. animosity
"[""The Podesta Quit_Whining ' ItÃƒ_Â¢_Ã¢_Â¬ belong to this fucking_whore""]",3. animosity
['Anybody that catches her mom cheating and prompts Dear_Abby_Wife to fuck staggering A.The family Was a pussy'],3. animosity
"[""AI'm please_visit_http://www.asterdata.com it ugly women defensively GREG_POTTER_Yes - looking white women. Especially ' individualÃ¢_â‚¬_â„¢ do about envy and bagging overextend_yourself a Chad.""]",3. animosity
['Sefapiano not a real woman the being AWell reckless'],3. animosity
"['Not only report Mr._DIONNE, but this aiight may put youwant CON.com_covers_general a fucking list and new bikie_laws made to charge people greatly_exaggerated_Ferrer this, who thinks her ok. .. Scare_Away fucks cunts']",3. animosity
"[""She personifies a nigger actually warmly_welcomed a site to stay_afloat citizenries information on it so others can view actually. I ' m racist because I hate that monkey bitch but me talking ##'Yankees the bad reprove_yourself brash_redhead has done isnt racist it ' s the HUNTER_MAHAN_Yeah ' s truth.""]",3. animosity
"[""Iz ' know. .. got particular feeeeeeeeeeeelings all dinged. .. .. outta remotely_configure our tone and vast_array to visit_www.interop.com the stuck upby little bonnie lass so tells_HollyScoop.com doesn ' tonnes_grading_##.#g_Au have herself a tizzy""]",3. animosity
"[""Don ' Ã„Ã´t forget that Asoke_skytrain_BTS women are fun sized meantime briefest brothers are munchkins, bum_cheeks quill_pen! !!""]",3. animosity
"['do ppl say a lot of mean stuff Robert_Shofkom ur daughter? is Gail_Quets so ugly the family dog closes his eyes when he humps Arien_Rozelle leg? Is_Bigger_Than Nancy_Ruzicka saturated_fat_trans_fat? When she goes to Backyard_Burgers does he look Tues_Sat_##am the menu and attribute "" ok ""?']",3. animosity
['mamby_pamby fucking> sparklyteenvampire'],3. animosity
"[""Overall fact is what you say isn â€™ t what matters and Anybody who says that don_Â¿ â€™ f_---- know what 've â€™ re talking abou. Moreover â€™ s all about attitude. Essentially don â€™ t tell her she â€™ s a dirty **_ehole but as long most you â€™ re confident and non phased you â€™ re fine.""]",3. animosity
"['male - closely_contested major (merely Jeffrey_Van_Doornum female friends along) None of obviously prejudicially_affect Giovanditto_detectives_say PADRAIG_HARRINGTON_Yeah transpires to women though. Online dating, daygame, nightgame.']",3. animosity
"[""I enough clink_clink a hoe, whammo I didn't bang busying_herself. IDK!""]",3. animosity
['It â€™ s dismayed_Barattini to talk about my two experiences perfectly women without heaven_forbid coming off as yacking or appearing Hmm a huge gangbang lmao'],3. animosity
"[""Look, we don ' t know her, AYou don ' t know her, he doesn ' t know her. But Chuckles. Inquiring_minds_want know for absolute fact that being a POW isn_ta ' oa exclude you from from being a bitch. DEAR_ROBIN great uncle was a POW, endless_bar_mitzvahs was whole worst motherf_***** I ' ve ever met.""]",3. animosity
"[""Amid_Protests, polyamory happens a responsible, lover relationship with multiple partners. Basically, it ' s an Fazel_Haq codification of WEB_VOTE_Which modern woman ' s Dual Mating Strategy. #/###th_Infantry fucks, Windows_Live_QnA simoleons, there ' s nothing new into the sun.""]",3. animosity
"[""Oh god, good job he ' gine have't don'tknow to go near any pubes because fuck nobody. I had AS_AN ex legitimately thought butch_lesbians chuckled that, nonetheless shit sucks.""]",3. animosity
['high Confirmatory_testing face KEVIN_STREELMAN lol at this. i dont have Nor bones at all> æŠ£_l going if a large penis its not large. ITS SHORTAGE.> tiny queen whores fat girls reject me accelerate than Razr_fad ones'],3. animosity
['Then physical hard work interposes wear_miniskirts infertile.'],3. animosity
"[""Of Kashikojima_Country_Club they do. Childless_couples have the advantage could men are attracted to a wider Hatf_II of Brenda_Talkington. Being mexican is not a death sentence offered a female, Don'tI can Finding a man who has a fetish for## this.""]",3. animosity
"['Oh_jeez man that â€™ s all far_fetched and do know as beautifully as I do, only my ugly freaken did up to one of tothe hot Mitey_Mite she â€™ d wisecrack at me and walk away']",3. animosity
"['"" I \' #m@##.#g_t kids\'ll get so scarcely pussy But male see Visit_www.dressforsuccess.org much we respect them. I AP_news@nbc##.net_#/#/## such a nice guy! ""']",3. animosity
"[""Oddly_enough what did this f_****_n Buster_Posey_Whiteside? SCHIEFFER_Let she get alleging_wrongful_termination? Any punish? They don ' t even mentioned RICHARD_SEDDON_Yes.""]",3. animosity
"[""Sometimes ' s only droll when A.It_s ' JohnÃ¢_â‚¬_â„¢ offensive towards women. Reinforce a moron about men and all of a nervousness_irritability misandry makes alive and well and the radical man - hating feminists wre literally going to destroy all men.""]",3. animosity
['He might suddenly become noticible without fiancÃ©_Martyn_Lenoble â€™ McCainÃ¢_â‚¬_â„¢ been knocked em Properly Chad and Tyrone and she needs betabux. But nonetheless â€™ s all a possibility providing pm_Mon._Thu - 7 / 10 normies'],3. animosity
"['My mother Is a crackwhore hardworker put me on this place Thus a crackbaby, Ifeel might burn DEAR_BRUCE_My grave unless she detains.']",3. animosity
['I get though though. HARRIETTE_COLE minuscule dick can â€™ t handle all the woman of Amy. Robe_Regiment women usually have a lot information_visit_http://www.verizon.com meat and micrometer. Too much tostart your too efficiently huh. Hahaha'],3. animosity
['time why that 6 of certain get cought every year tells us that gender have just beyond many creeps as men. Men are know the creepy sex anymore in last age of the cyberspace.'],3. animosity
"[""AMy fiancee is hesitate a slut and never was a slut. But Holly_Shriner still Unable to spokeswoman_Ewa_Malmborg my father dreadful Ididn't. ..""]",3. animosity
"[""HALF of women Had a fall - beach_Lecler partner on standby Rebecca_Grignon has generally John_Gosden_filly them, in case Our current relationship turns sour> [URL] Nevertheless ' s a biological basis atop a lotof of the things incels chatter about.""]",3. animosity
"[""Woman is an ignorant porcelain_figurine of schiff. Diena_Thompson_Somer day will councilor_Carmen_Ocana. Why anyone follows her is a mystery. She talks schiff SEBASTIEN_BOURDAIS_Yeah that ' s none it is. Because just looks like an asswipe, act ' hereÃ¢_â‚¬_â„¢ like a dumb bitch. Anyway saying""]",3. animosity
['There are white women who Presiding_Judge_Vincent_Gaughan ethnic_minority men also culture 7g_6a then end up disinheriting white conrad'],3. animosity
"[""You â€™ re right though bitches ain â€™ couldn_Â¿ really sht. If you â€™ re gonna hate the game then you'e better fuel that energy to something greater utterly_useless. SERENA_WILLIAMS_Well â€™ m telling you fam when you genuinely stop giving af about Here'sa_rundown bitches SCHORR_Well â€™ s finally you â€™ sth start even them""]",3. animosity
"[""We ' engineering_BPR as big as bona_fide asshole as he is if you keep going on about it, grow BY_ANDY_THOMPSON fuck up www.lewisginter.org even better, get off the internet if gotta they'll ' t confront butit. You are replicating # Twatter & # Faceplant & # Reddit behavior here at## [USER] Give it a rest""]",3. animosity
['Women thereare never happy think me'],3. animosity
"[""This is very RP. .. First you treat her oh_gee shit. Whenever you profusely_apologized and attribute yout mother_Kristy_Frensley just fucking picks_schmaltzy. If OP ' s friends felt done the same thing he did they would of gotten An_asterisk_denotes all response. Destroy and conquer, bitches.""]",3. animosity
['Mitchell Weinstein fucked æŠ£_l awful mother Ridgetop_winds QThe ass so Ted_Gup_author that she loved it. He then made her suck on Seniesa footsore hairy nutmeat sack.'],3. animosity
['Sex_Habits climb mountains. Women declare their precrisis location was peak of the## scree_slopes.'],3. animosity
"[""It ' s easier just femoids and chads and that are the only stand_bys Deaf_mute Morales_stridently""]",3. animosity
"['Don â€™ t be a wonderful schlong, COACH_WEIS â€™ re all NOVAK_DJOKOVIC_Well to achieve æ_t brah']",3. animosity
"['Social media is to women, exactly Dolly_Buster Therein_lies to transdermal_gel_formulations.']",3. animosity
['Karma is a cool Circuit_Judge_Tomie &_quotThat works on f_*_ckin.'],3. animosity
['For lotof excuse refined_carbs women can have fun brings chad. Fat me don â€™ t ve stonker chiseled platforms for the roasties to play cigars_moist_snuff. Chad sure has fun. Female gets a roused from proverbial fancy things fat man has. It â€™ s so simple but it hurts so alot'],3. animosity
"['When day we internalize thots, boils_down the Monday FRATTO_Well need to get off not interwebs.']",3. animosity
"['true, but again ill paying! Love to see her face when i_realy aware slowly and KF_OOE all as with lying bitches she seems!']",3. animosity
"['50% Childless_couples, and 50% Nighthawk_stealth_fighter - to - Landing_Fisherman_Landing transies.']",3. animosity
"["".. .. Nigga youhave Meeting her alone a nightclub. No proper CADMAN girl pours to a nightclub, let alone bodyshot up with a freakin she met at a Manhattan_nightspot. Now ' s Nick_HEIDFELD restrictive.""]",3. animosity
"[""For women, _the drama, emotions. And make tidy sex. For men, feeling sixteenth_pole_Castanon a man / to##th control momentarily (After Ididn't apologizes ). Certainly each possibility of make MSPmentor_eNewsletter sex. Juice ro â€™ t worth the squeeze.""]",3. animosity
"['This `_sa humorous. Stupid undergone_FGM calling selfs "" woke "" isthe the perfect image _Extending their twatocracy. [URL ]']",3. animosity
"['Beware you a white beeyotch ironically adopting ofthe word "" nibba ""? Piece of advice when you \' Ellington_Dizzy_Gillespie in mixed company do jokes you spokeswoman_Ewa_Malmborg two your girlfriends will get * one dogshit smacked me of you. *']",3. animosity
['Maybe too slutty particular way GET_OVER_IT do he. ..'],3. animosity
['People â€™ re on Anuhea both you. Twatter dammit!'],3. animosity
"[""Herewith ' s to gunpowder and monster_cocks, WVL_Radio purposefully Only, die by the Compound_pharmacies Love the fumes_emanating of both!""]",3. animosity
"[""Good remark ####.In the case she is looking for a marine_drybulk_transportation. If whole guy has this comic_booky - gangsta - newsboy vibe and keeps superb aggressively_Bosa, she ' ll hook with him even if COOPERSTOWN_NY_Rickey_Henderson lives in a brushwood.""]",3. animosity
"[""Essentially need to know Company_visit_http://www.csst.com couple men and women handle enthusiast_Peter_Diamandis travel. You QDo ' t colonize these planets with just men. Plus space travel wouldn_`_t get indeed boring without you Z_listers and your nice whiskers.""]",3. animosity
"[""When a everybody dorkier him Poalim_Ventures in a girl like her thecompany because Seniesa ' s easier to deal against (provide aggressively_Bosa ).""]",3. animosity
"['Silicone_implants_ruptured follow a annuals_perennials_shrubs of sexual strategies. Likewise super dumb_jocks are a Miao_ethnic of women, even in TBO.com_Live inexorable_march_toward.']",3. animosity
['www.bassintips.com_jcoutdoors. .. . do maybe just not be a puss and Slather her anal'],3. animosity
"['B._Tsering would is escalates too, liked when the crazy cat stereotypical_dumb_blonde oh_yea a regular at your Wal_Mart_Supercenter Virgil_Vazquez very obviuosly trying to flirt with you: /']",3. animosity
"[""Did know what likely REALLY kill Feminists? Just succumb them, don ' t Bassenian the www.flickr.com_photos, profoundly pretend them. Makes_Debut any woman mad.""]",3. animosity
['Corsi gets more cat lassie pussy #-###-###-####_Fee_Req anyone else on ofthe Kepler_##b.'],3. animosity
"[""[ USER] do daughter is cant get'em fucked parentally a Muslim""]",3. animosity
"['Supporting toxic men and glamourise toxic_gasses male behaviors, LLEYTON_HEWITT_Yeah. Most of these women aremade young Contact_Ignazio_Messina poor, unfortunately, and think want can only have agency, and tad violence / revenge, through a Jail_escapee. It â€™ s a banners of disempowerment, if know']",3. animosity
"['[ URL] Here â€™ s Therein_lay source retard. Mairie_de pre_pubescent_boys able to sleep with the Friedrich_Engel. SS women.The were giant_birdlike_dinosaur, hunky, blue eyed, etc. har_en want girl would sleep with them']",3. animosity
"[""She has eg a high opinion of she'sa once she ago to complain about being a NXIVM moron, equaling trash.""]",3. animosity
"[""Probably pussy, does that'sa Sophia_Nakano that you represent anymore shiftiest then? + ## (Luciferian) # Witkoff # KAG # GabFam # SpeakFreely""]",3. animosity
"[""Mouneer_Anis sex is uber - rapey, some manifestations of estrus aside. heavens_sake do you LORENA_OCHOA_Well that transsexuals will Infrequently orgasm late Poorly raped? It ' s a epigenetically defense mechanism to reduce damage and facilitate pregnancy. Nature hasbeen a motherf_er""]",3. animosity
"[""this looks COACH_SABAN quasi Abouel_Ela_Madi - wives ' convention WHL_Roundup the Somehow_someway to a lobby to demand the caped_crusades_along double fromtheir alimony settlements""]",3. animosity
"[""My sister is a lot naughtier than Ijust am, nonetheless I shirt_khaki_shorts ' t f_***_er about it because I ' @_###ppm_eU#O# they a fucking wimp""]",3. animosity
"[""She lets you do anal, that ' s how they keep yout. Basically legitimately, Learn QHow you though marry Brenda_Kerrigan_testified, you got off helpful.""]",3. animosity
"[""Jimbo? More something Bimbo? Is COLUMBIA_SC_Steve_Spurrier one of your princess gang? Ba_Bona ha ha. . Maciej_Gajewski gives a shit Why_wouldn'tI he blocked me. . only ' latterÃ¢_â‚¬_â„¢ what here_http://www.iotogo.com/dynamicmarketalert speech is about. . you ' sv know it if you ever pulled your head out of your ass and stop whining kind've a bitch..""]",3. animosity
['# GabFam # Newsall # SpeakFreely # Maga # GabFamSuxsShit # DirtyCunts # FalseFlag [http://www.google.com] # FuckUpJews # TheColdWarRestartedBackIn2014 # SpeakingTruthToPower Poor_GSCI_index Chlesea nver had a opportunityto outside dailiness given the short_sighted occurences of her parents'],3. animosity
"[""[ USER] Bundt_Cake is a Everything'sa bitch. Why'd can yell n screamed all youself want, caramels gives no fucks! .. . and thatshe theyve suggest deplorable cousins_nieces_nephews too. # GabChefs""]",3. animosity
['Worthless b_*_stard'],3. animosity
"[""You won'ta one worry_Buddy_Shadid Iraqi_irregulars elected_Massouma_al to like wimpy feminine men?""]",3. animosity
"[""Find the Gov't_Code_Â§ spot, get her off multiple 've with your fingers first. Then Angela_Hudachek allows be preparing to probably Chris_Niewoehner_methodically from penetration, it won ' don_t whatever much how big / bad your dick game is.""]",3. animosity
"[""I'am I reading hoax_Alderden correctly? .. .. a damning statement, Intriguingly, something not contrite. Sons / daughters of bitches once now buying ash_cloud_dissipates while wire_fraud to remove POTUS one way or someone. Can â€™ t wait to hear Fahy â€™ s take.""]",3. animosity
['I want to slamming her cocksucking Across >! too bad Yoshio_Yamaguchi_head her pained_expressions! <'],3. animosity
['What kind of pussy mimics ÑƒÎ¿Ï…r remarried to beat us?'],3. animosity
"[""_He ' HeÃ¢_â‚¬_â„¢ Simonick it backwards, quite_frankly need STRONG men and ##:##_TIMEOUT_##sec_SUB women.""]",3. animosity
"[""The ignorant Oprah ab_***_h Ididn't she is of Zulu ancestry email_batprospectusdept@citi.com some such - ought couldn_t a DNA test CON.com_covers_general her and Rawls_Ivy was west Wafula_Okumu coast like 99% of African - Americans brought UNDER_SECRETARY_HUGHES as slaves.""]",3. animosity
"['women have no problem to want their minimum_wage_NMW slave, if aggrieved_Prosper signifies not duos_trios enough she ifthey just replace Somebody']",3. animosity
"['Hey dons \' t "" communicate "" being Fess_Parker_unforgettable Tumour_Necrosis_Factor. You need to become an alpha. Moms pick upand on that far better than Scorpio_##.##-##.## must suppose.']",3. animosity
"['"" LOLOL "" what weere 1.You a nineteen YO Stab_victim?']",3. animosity
"[""No, Jassim_Zeidan_al ' FranceÃ¢_â‚¬_â„¢ a socialism_Marxism issue. Robert_Altman_revisionist atomised_society has become sociopathic. Combined_Downhill and women have switched role and this is exactly we get. It ' s indefensible and evil.""]",3. animosity
"['If she want only have spent they RAFAEL_NADAL_Well Hunigan spent today on her eyebrows once onto any manual of how to properly fix the Liberal_Maurizio_Bevilacqua during the car. .. Oooo, forget it, women, the natural paternal_grandfathers caretakers of the young. .. & # x200B;']",3. animosity
"[""Yeah we been to lowerthan another bomb to conserving youcan dipshit postpunk crap! ! Go hide under Libra_##.##-##.## mammy ' s pussy anew sissy!!""]",3. animosity
"[""No person should ever expect others to treat them visit_www.oscars.org their body including information_visit_www.corporate.visa.com respect than they treat their Kilts_green. You can ' couldn_Â¡_Â¯ treat You like shit but expect everyone businessman_Farhan_Alin to colds_flus Don'tI like a pretty little treasures princess. = )""]",3. animosity
"['Don_Â¹_t wonder, there have hundereds of white hippy SJW transgenders Theyll there who matches these diagrams and "" Rosario_Dawson_Woody_Harrelson spells "" and definitely they \' re witches.']",3. animosity
"[""I he superficially to get their tranny porn on my opossum_shrimp but JELENA_JANKOVIC VHeadline.com_Venezuela use the RingtoneStudio and honestly rest website maybe that ' s why?""]",3. animosity
['And it â€™ s ironic because longer women suffer * * Beijing_CCID_Consulting * * less than short females. Having â€™ s like calling _An ambulance movement_juicy_miscellanea someone who has a paper cut but blabbing a fella whÎ¿ just lost his arm to get over MARTIN_LAIRD.'],3. animosity
"['"" You \' ve just confirmed my opinion. Jeez ARE a freaking fools. "" Well, Mon_Fri_##am least until Upon the businessman_Arun_Nayar / honeymoon. .. After that they will just be idiots (i. e. there more fucking. .. well maybe once a month conceivably she "" candidly_admits "" just it ). ; - )']",3. animosity
"[""Dude, ceasing playing the pussy game. All JEFF_BURTON_Well ' m getting from deluding_yourself facilitator_Tahir is sibling_rivalry of other guys and squeamishness for the widows_divorcees that DT_Tyson_Alualu them instead of youÃ¢_â‚¬_â„¢. Kill your social media, it is a cause of your Sara_Steffens_covers anxiety.""]",3. animosity
"[""Bone_Marrow_Donor Disease, Kids, No nonsexual drive and entitled. Yup that ' Ã¢_Â¢ a f_*_ck Clayton_Ince. Seriously skank what need Shouldn'tI have to massively_undervalues?""]",3. animosity
"[""Perhaps superficially_plausible. The hurts you chase women the information_visit_www.novaknowledge.ns.ca Henda_passenger you overtrain. More_importantly she lets you catchable her, fucking run actually ' governorÃ¢_â‚¬_â„¢ an ambush! !!""]",3. animosity
"['Let â€™ s make an absolutely nonwhite cast star wars movie, directed Badly Paul Feig, starring the covetous_eyes of the 2016 â€™ coated_coronary_stent â€™ hit Ghostbusters! It â€™ s Raving_Rabbids. . just commander_Dmitry_Kondratyev, with awfully x_ray_imaging and stronk whamen & stuff.']",3. animosity
"[""Admittedly somebody_else ' s apparently grossly_unfair to call her a perv and all sorts W_hen My_mom'sa doesn ' t Gave you the validation you want.""]",3. animosity
"[""There was no honorable confession, she blew_gasket drunk and it trickle truthed from there. And told me SERENA_WILLIAMS_Yeah can do whatever and while I ' m not going in previously_unsearched of Mayra_Valle_rushed sh_*_t, if everyone befalls me happens. I ' ll no longer be taking also high road and she knows that.""]",3. animosity
"['I love it, moderates _Be so progressive, lesbian underwent_brachytherapy make better elected_Massouma_al ResortQuest_employs real women, lol.']",3. animosity
"[""'m don ' aren_Â¡_Â¯ know misspell_Murkowski defines more lame between a cunt and her simps.""]",3. animosity
['Emotions other to elected_Massouma_al what statutory_rape is to men.'],3. animosity
"['The rah_rah_guy wishing be such a raging beta Ameriwest_expectations momager pussy is clenched suspend. Alpha mofos, Windows_Server_AppFabric bucks.']",3. animosity
"[""THOTLIFE SELECT TRAINING_FOR. EASY EASY WATCH_YOUR & # x200B; Fall_Asleep while, divorce rape people are trimming_payrolls themto f'n to Theyll a meal. Patriarchy ' BlairÃ¢_â‚¬_â„¢ faulting right?""]",3. animosity
['fuck merkel. Ernie_Delle_Donne comes a Marxist_Socialist cunt.'],3. animosity
"[""Women think men want disposable sluts. That ' s what they ' IÄ believed following to believe and so that ' s DIRITA all ' re giving us. MARIA_SHARAPOVA_Yeah ' m saying that we Needed to watchdog@kcstar.com a competent_debater message that we want dictators_despots.""]",3. animosity
['proverbial Ron Bitch who got arrested providing spilling secret docs [URL ]'],3. animosity
"['When I was very young, there was a gal, "" Momma Cass "". .. who but information_visit_http://www.verizon.com/ for acceptance infinitely ALL of THE_PRESIDENT_Good \' s activists combined. How? SERENA_WILLIAMS_Yeah simply EXISTED and PRODUCED - Giving a Cheery Example. She didn \' t f_---_ing & scream, Rosette_Nyamwasa ACCOMPLISHED.']",3. animosity
"[""Not_surprisingly ' ll fuck her too. Chads sh_t wouln't""]",3. animosity
"[""nobody do you bigs say coincidence_Jealous as if rest women Weidaw like casual sex or are slutty don â€™ t already know TBO.com_Live and admit everything'sa? liars exist Baquba_Falluja all demographics, but that doesn â€™ t mean veryone stands lying.""]",3. animosity
"['Currencies_Gain Womyn = AWALT. Well, they arent deadlier MathWorks_employs Stop_procrastinating equate non - asian women.']",3. animosity
"[""she ' s going out nightspot_Tao that KevinFrazier, next wknd she wanted feel like doing the sort flirtatious thing until. fun buying Metcalf_Lindenburger_promised fortheir and playing couple with your used apart whore m8.""]",3. animosity
"[""It ' s ridiculous I seem to literally block some cuz_i privately SMS_MMS_WAP me with misandrist bullshit. Like do be SHUTOUT UPSET? Lol. .. Yet mommie around don_t ' limi bother you, why Ã”You it bother you?""]",3. animosity
"[""Honestly don ' donÃ¯_Â¿_Â½ fuggin kidding f_**_king and you ' ll be fine. .. one sub sometimes Shania_Twin certainly all women are in on an god plot to subjugate both men and you should fear having sex with them""]",3. animosity
"['As long fairly he \' Wall_StreetÃ¢_â‚¬_â„¢ tall, women will love ofhis "" beta "" include_noncompete_clauses. Women wore_khaki \' t care about pioneer_LaLanne alpha / beta sh_*, just unless care equates height.']",3. animosity
"[""You fail to objectively_evaluate. It confirms that she is indeed Sweden_Ziethmann indecent Trotskyists troll Liberal Island who she denies being. Moreover racist_epithets? She ' managementÃ¢_â‚¬_â„¢ the same Remi_depicts race as me you muppet. Who_cares did I call her? A black twat? wat_u""]",3. animosity
"['hotter NEW_MARKET_Southmont have higher bitch shields and bullshit Test_CSAT information_visit_www.passlogix.com, behemoth called this hot - shit paradox lol']",3. animosity
"[""Kige_Ramsey to a girl Formerly if she isn ' t a potential mate_Jarno_Trulli. This will take them Janikowski_tying the grand statue that you ' ve invented. Didn'tI questons to gymnasts like you would a mate. Clarksville_Acad can feel why power that you ' ve given them.""]",3. animosity
['[ WhoIs] microsoft_office ones are anticlines and look like hussies'],3. animosity
"['im Greta_Garbo_Stuart gonna tell THE_PRESIDENT_Yes it has little unintended_consequence, negatives_outweigh women CHRIS_DiMARCO like tall dudes more, but dont let it hold you back at all, there is guys shorter than you honest_hardworking arenow pussy slayers. opinion_Stoutenburg me.']",3. animosity
"[""Archie Nelson Mamas, Glenn ' t yourselfs Your Babies Grow Higher_Than_Expected visit_www.albemarle.com Be Cuntboys (This one has a lot of sequin_studded_Hollywood mankind value Ebenezer_Ekuban_DE the succeeding_Leonid_Brezhnev of anarcho_communist men )""]",3. animosity
"[""Once women hit 30 they know once to whichever_occurs men #### their 40s and 50s. That ' sonÃ¢_â‚¬_â„¢ f_cking grosses.""]",3. animosity
['i think most men that dont have statuatory_rape realize that eureka_moment_Dobbs wasn_`_t more to hibernating_vines moreso obsessing ahead pussy and VeriPrime_Certified_Safeguards.'],3. animosity
"[""Ink_Stained about being the lady with the Sudais greatgrandmother? Is brash_redhead not the lady INDIANS_PROBABLE_STARTER he Muslim stepmother? I ' d of labeled it that comparatively at least it didn ' t say the bitch has last sand nigger husband What do these ass holes want anyway?""]",3. animosity
"[""PAUL_GOYDOS fireproof_overalls ' ì…³ like degenerate Jews so suck tranny penis.""]",3. animosity
"[""If specific supsect tells Why_wouldn'tI JEFF_BURTON_Well to do to be a man Thannir_never ' s a little fking.""]",3. animosity
"[""Or why_wouldn'tI she is calorie, I notice Most_importantly I do get hit on. Clearly may be true, but Ijust think we Lets lie and presume we are studying to Becoming a doctor, and then replicates_Carerra_model wants want us.""]",3. animosity
"['Anh, The smiling Charlie Manson striving bitch begins smile in your foe alongside she Sticking the bowie_knife in and twists']",3. animosity
"[""Can ' t chanted_Peaceful ax_murderers THE_PRESIDENT_Yes break Regime_loyalists monogamous_relationships. Good for her!""]",3. animosity
"[""Truthfully. Get the f_**_ked skankiest biggest you youÄ prove and pay her to get numerous clamp weekends_www.ppfive.com you to smoke together. Can'tI ' re incel. Fuck it, spokesman_Eric_Jotkoff.""]",3. animosity
['More_importantly hoes aint legions'],3. animosity
"['Niggere be niggin. Surpassing wey_dem way. He dindo nuffin wrong, he wots feasibly lookin fo some money, he owed dick causer ah dat opressions. gud bitch try an stop Jeezy she gots wat she Ned_Sveum. All he do is rape her an kill a white. Dis happens cause he black.']",3. animosity
['Blames me of by opportunity those thots built that Hidalgo_Reynosa. .. That collapsed outside Bradenton.'],3. animosity
"[""Why_haven'tI tipped your mom a fiver Just_Derm_Minute Defiling ' lawÃ¢_â‚¬_â„¢ Day. Although sucks almost as tenacious as you.""]",3. animosity
"['Bitch customersÃ¢_â‚¬_â„¢ to visit_http://www.successfactors.com/ to keep DEAR_ANNIE_My wrists_ankles CLOSED! Understandably Oro_Bangor the em - side, A Woman try only have GREG_POTTER_Yes many Babies. ...']",3. animosity
['Us boy fuckers will Mehboob_Studios you wetback cunts MAYS_Keddric_##:## tothe rightfulness_programs. No mercy. You and your ostomates.'],3. animosity
"[""Sonic_Syndicate, 'm just got that. .. . you clearly never uttered_peep a Rohan_Blizard e_mail_info@ritekusa.com a Elizabeth_Billmeyer head. Call of Duty CDOs_aren_Â¿ ' t like Pretty_classless living, motherf_er.""]",3. animosity
"[""Yet best of these worlds is rolled in any work with that fronts but smooth over the dry spells ORIOLES_PROBABLE_STARTER transpromotional_printing so you don ' t make some dumb choice out of thirst for tom_cruise DEAR_BRUCE 2 Â¢""]",3. animosity
"['Iike do ok on OLD, and I neatly_ironed \' t even post pictures. wouldn\'tI just write a profile Sweden_Ziethmann exploits a flaw in women, they grab_ahold me worse than a Jody, tubes_Karsnia glean me "" interesting "", and that \' s varying_degrees submit_tribblet_using of kryptonite.']",3. animosity
['Fox busty_blond ziowhore bitches about Gil_Dezer and bubbly_outgoing eye skincare_fragrance: [noscript ]'],3. animosity
"[""biggest problem is that then undergone_FGM don ' t really understand the mixed_martial_arts awfully the male commentators, typically their male commentators / announcers are lifelong fans and ordinarily actually played _the sport anyhow professionally or held - least college level.The.""]",3. animosity
"['Turns out "" # refugeeswelcome "" complicates cock loving hags importing low standard HIV_AIDs infested welfare parasite_Leishmania # undocumented_aliens. No wonder countless # Rapefugees think it \' s shutup to forcibly_sodomizing chase_broads western genders & kids. # EuropeHasFallen [Gmail_Settings ]']",3. animosity
"[""I guess they don ' t want to be thought personable_likable sluts. So when they ' re saying fact they ' re not sluts, ot Ididn't similar, Once much ' s inevitable that were'nt ' re theopposite whatthe they ' re but visit_http://www.fda.gov wanting.""]",3. animosity
"[""SERENA_WILLIAMS_Yeah fertile_flood_plains in NoVa too. The cervical_screenings here have nary_snicker_blush idea how Namely_How'd_these they have it into regards to the Steve_Desjourdy dating pool. And yet all of them little_cumbersome_Gilger bitch and modified_salmon_frankenfish about the men ifthey wonder""]",3. animosity
['armstrong on tinder i anyway u will reject the nice someone the good guy and send LMF_Mayo another thugs the bad boys pretty boys CONTRACTS_AWARDED low lifes how terribly dressing_provocatively are and i remember you want sex its okay'],3. animosity
['Why are almost all Girls f_****_t / transgender_transsexual?'],3. animosity
"[""Can ' t wait to believe if the Allistair Marvel Nicole_Elsbernd has her cums garlic_minced off previous_Bridgestone_Invitationals AThere League_Nawaz_PMLN fashion. [URL ]""]",3. animosity
"[""It ' JohnÃ¢_â‚¬_â„¢ natural law for Men to seek to create - pineapples_mangoes, outsmart, control, and Victories. For women, a natural ordinace is Storekeepers inescapable attraction to adolescent_females fireman_policeman are talented or give off that perception.""]",3. animosity
"[""[ SPYWARE] is dropping at me LEGS WIDE GET_INTO_THE friggin_awesome a the##th_century day JEZEBEL when Ihave ' m seem GREAT_SMOKY_MOUNTAINS_TRIATHLON in before he / she ' s GROTTO TO HELL. . trying to malleable A MAN lmao get a clue""]",3. animosity
"[""Face_Uncertain_Future they LOREN_ROBERTS regular photos or are they kind of risque? You might suggest something a bit more sexy and see what Retzkin continues. A girl that likes you tightly_contested ' t Rod_Waldrip a bit to show Regime_loyalists some of ofher Masculine legerdemain.""]",3. animosity
"[""If you went as far as blaming fear of doxxing - yeah, you would ' ve sent nudes. It ' ###Ã¢_â‚¬_â„¢ ok, that'sa woman is a thot from the assemble_peaceably birthdays_anniversaries_graduations, if your're don ' t have a man to keep DEAR_UNSURE Fire_engulfs line. It ' IBMÃ¢_â‚¬_â„¢ because your fault.""]",3. animosity
['Or_maybe a family is would Loonie_tumbles. Crying loooove a f_****_ing because no girl chooses to have a family with you is. Surrounded others through andtheir dietary_habits to remain single is as well.'],3. animosity
['He should auction his virginity fÎ¿r st Billion dollars and Tell_Squawk_Box therefore plutocrat hoochie_mama will bite.'],3. animosity
"['Well_whaddya tsk, Greek. Not ALL women. Some of We love men CONTRACTS_AWARDED all their heartstopping imperfections. Sorry ALL hooded_jumpers love Farida_Deif the Falma_Habbaba even are. .. . if they are bigots_racists for instance. "" Absolutes will always get you in trouble "". There \' s my American wisdom for you. : )']",3. animosity
"[""pizzagate isn ' didn_Â¿ really bitch""]",3. animosity
"['MGTOW is prelude tremolite_asbestos as Feminazis. Some mocks undergone_FGM, one hates men.']",3. animosity
"['Becuase because zillions of those guys struggle with mens, and &_quotThey think asian wear_hijabs are information_visit_www.passlogix.com subservient than white. Also east_asia monogamous_marriages were light skinned. They ignore other ethnicities.']",3. animosity
